{"cameraMode":{"drawMode":0,"name":"Shaded","section":"Shading Mode"},"sceneLighting":false,"audioPlay":false,"sceneViewState":{"showFog":false,"showMaterialUpdate":false,"showSkybox":false,"showFlares":false,"showImageEffects":false,"showParticleSystems":true},"in2DMode":false,"pivot":{"x":0.018038269132375718,"y":0.6927257180213928,"z":-0.021737733855843545},"rotation":{"x":0.006568854674696922,"y":0.5810981392860413,"z":-0.004737759009003639,"w":0.8137931823730469},"size":3.250324010848999,"orthographic":false}