{"cameraMode":{"drawMode":0,"name":"Shaded","section":"Shading Mode"},"sceneLighting":true,"audioPlay":false,"sceneViewState":{"showFog":false,"showMaterialUpdate":false,"showSkybox":false,"showFlares":false,"showImageEffects":false,"showParticleSystems":true},"in2DMode":false,"pivot":{"x":570.7855224609375,"y":294.75421142578127,"z":-2.974094867706299},"rotation":{"x":-0.05456630885601044,"y":-0.009975972585380078,"z":0.00048029900062829256,"w":-0.9984602332115173},"size":669.3931274414063,"orthographic":true}
