{"cameraMode":{"drawMode":0,"name":"Shaded","section":"Shading Mode"},"sceneLighting":false,"audioPlay":false,"sceneViewState":{"showFog":false,"showMaterialUpdate":false,"showSkybox":false,"showFlares":false,"showImageEffects":false,"showParticleSystems":true},"in2DMode":false,"pivot":{"x":5.960464477539063e-8,"y":0.3582961857318878,"z":-3.5762786865234377e-7},"rotation":{"x":-0.10388855636119843,"y":-0.8772809505462647,"z":0.2205771505832672,"w":-0.413438081741333},"size":4.36553430557251,"orthographic":false}