{"cameraMode":{"drawMode":0,"name":"Shaded","section":"Shading Mode"},"sceneLighting":false,"audioPlay":false,"sceneViewState":{"showFog":false,"showMaterialUpdate":false,"showSkybox":false,"showFlares":false,"showImageEffects":false,"showParticleSystems":true},"in2DMode":false,"pivot":{"x":0.5334588885307312,"y":0.21139000356197358,"z":1.2999000549316407},"rotation":{"x":0.12769071757793427,"y":-0.07401376217603684,"z":0.009554875083267689,"w":0.9890024662017822},"size":4.622054100036621,"orthographic":false}