{"cameraMode":{"drawMode":0,"name":"Shaded","section":"Shading Mode"},"sceneLighting":false,"audioPlay":false,"sceneViewState":{"showFog":false,"showMaterialUpdate":false,"showSkybox":false,"showFlares":false,"showImageEffects":false,"showParticleSystems":true},"in2DMode":false,"pivot":{"x":0.00005728006362915039,"y":0.6964871883392334,"z":0.006447196006774902},"rotation":{"x":-0.02830830030143261,"y":0.11459821462631226,"z":-0.003266970394179225,"w":-0.9930031895637512},"size":8.281994819641114,"orthographic":false}