{"cameraMode":{"drawMode":0,"name":"Shaded","section":"Shading Mode"},"sceneLighting":false,"audioPlay":false,"sceneViewState":{"showFog":false,"showMaterialUpdate":false,"showSkybox":false,"showFlares":false,"showImageEffects":false,"showParticleSystems":true},"in2DMode":false,"pivot":{"x":0.0,"y":1.1011500358581544,"z":0.000050067901611328125},"rotation":{"x":0.7085869312286377,"y":0.0023264680057764055,"z":-0.002343039261177182,"w":0.7056158185005188},"size":10.683952331542969,"orthographic":true}