{"cameraMode":{"drawMode":0,"name":"Shaded","section":"Shading Mode"},"sceneLighting":false,"audioPlay":false,"sceneViewState":{"showFog":false,"showMaterialUpdate":false,"showSkybox":false,"showFlares":false,"showImageEffects":false,"showParticleSystems":true},"in2DMode":false,"pivot":{"x":-5.364418029785156e-7,"y":0.32329797744750979,"z":1.1920928955078126e-7},"rotation":{"x":0.13103851675987245,"y":-0.6857351064682007,"z":0.12754853069782258,"w":0.7045053243637085},"size":4.26773738861084,"orthographic":false}